{
  "breakdowns": {
    "model_a_mix_v2": {
      "dataset": {
        "mmdocrag": {
          "classification": {
            "accuracy": 0.7904676258992805,
            "f1": 0.7939876215738284,
            "fn": 215,
            "fp": 251,
            "hard_negative_accuracy": 0.774077407740774,
            "precision": 0.7815491731940818,
            "recall": 0.8068283917340521,
            "specificity": 0.774077407740774,
            "threshold": 0.0,
            "tn": 860,
            "tp": 898
          },
          "obligation_ranking": {
            "MRR": 0.9651127361365021,
            "any_recall@1": 0.9360146252285192,
            "any_recall@10": 1.0,
            "any_recall@20": 1.0,
            "any_recall@3": 0.9981718464351006,
            "any_recall@5": 1.0,
            "groups": 547,
            "total_pos": 1113,
            "unit_recall@1": 0.46001796945193174,
            "unit_recall@10": 0.9982030548068284,
            "unit_recall@20": 1.0,
            "unit_recall@3": 0.8409703504043127,
            "unit_recall@5": 0.9640610961365679
          },
          "question_ranking": {
            "MRR": 0.9642857142857142,
            "any_recall@1": 0.9343629343629344,
            "any_recall@10": 1.0,
            "any_recall@20": 1.0,
            "any_recall@3": 0.9980694980694981,
            "any_recall@5": 0.9980694980694981,
            "groups": 518,
            "total_pos": 1113,
            "unit_recall@1": 0.4348607367475292,
            "unit_recall@10": 0.9982030548068284,
            "unit_recall@20": 1.0,
            "unit_recall@3": 0.8194070080862533,
            "unit_recall@5": 0.9514824797843666
          }
        },
        "multimodalqa": {
          "classification": {
            "accuracy": 0.8549645390070922,
            "f1": 0.8518652662078957,
            "fn": 234,
            "fp": 175,
            "hard_negative_accuracy": 0.875886524822695,
            "precision": 0.8704663212435233,
            "recall": 0.8340425531914893,
            "specificity": 0.875886524822695,
            "threshold": 0.0,
            "tn": 1235,
            "tp": 1176
          },
          "obligation_ranking": {
            "MRR": 0.9731053307642903,
            "any_recall@1": 0.9479768786127167,
            "any_recall@10": 1.0,
            "any_recall@20": 1.0,
            "any_recall@3": 0.9990366088631984,
            "any_recall@5": 1.0,
            "groups": 1038,
            "total_pos": 1410,
            "unit_recall@1": 0.6978723404255319,
            "unit_recall@10": 0.999290780141844,
            "unit_recall@20": 1.0,
            "unit_recall@3": 0.9645390070921985,
            "unit_recall@5": 0.9907801418439717
          },
          "question_ranking": {
            "MRR": 0.9731053307642903,
            "any_recall@1": 0.9479768786127167,
            "any_recall@10": 1.0,
            "any_recall@20": 1.0,
            "any_recall@3": 0.9990366088631984,
            "any_recall@5": 1.0,
            "groups": 1038,
            "total_pos": 1410,
            "unit_recall@1": 0.6978723404255319,
            "unit_recall@10": 0.999290780141844,
            "unit_recall@20": 1.0,
            "unit_recall@3": 0.9645390070921985,
            "unit_recall@5": 0.9907801418439717
          }
        }
      },
      "modality": {
        "image": {
          "classification": {
            "accuracy": 0.7838745800671892,
            "f1": 0.7761020881670534,
            "fn": 224,
            "fp": 162,
            "hard_negative_accuracy": 0.8185890257558791,
            "precision": 0.8050541516245487,
            "recall": 0.7491601343784995,
            "specificity": 0.8185890257558791,
            "threshold": 0.0,
            "tn": 731,
            "tp": 669
          },
          "obligation_ranking": {
            "MRR": 0.9698795180722891,
            "any_recall@1": 0.9412650602409639,
            "any_recall@10": 1.0,
            "any_recall@20": 1.0,
            "any_recall@3": 1.0,
            "any_recall@5": 1.0,
            "groups": 664,
            "total_pos": 893,
            "unit_recall@1": 0.6998880179171333,
            "unit_recall@10": 1.0,
            "unit_recall@20": 1.0,
            "unit_recall@3": 0.9283314669652856,
            "unit_recall@5": 0.9787234042553191
          },
          "question_ranking": {
            "MRR": 0.9690332326283988,
            "any_recall@1": 0.9395770392749244,
            "any_recall@10": 1.0,
            "any_recall@20": 1.0,
            "any_recall@3": 1.0,
            "any_recall@5": 1.0,
            "groups": 662,
            "total_pos": 893,
            "unit_recall@1": 0.696528555431131,
            "unit_recall@10": 1.0,
            "unit_recall@20": 1.0,
            "unit_recall@3": 0.9283314669652856,
            "unit_recall@5": 0.9787234042553191
          }
        },
        "table": {
          "classification": {
            "accuracy": 0.8224400871459695,
            "f1": 0.8341810783316379,
            "fn": 49,
            "fp": 114,
            "hard_negative_accuracy": 0.7516339869281046,
            "precision": 0.7824427480916031,
            "recall": 0.8932461873638344,
            "specificity": 0.7516339869281046,
            "threshold": 0.0,
            "tn": 345,
            "tp": 410
          },
          "obligation_ranking": {
            "MRR": 0.9827734711455642,
            "any_recall@1": 0.9664082687338501,
            "any_recall@10": 1.0,
            "any_recall@20": 1.0,
            "any_recall@3": 1.0,
            "any_recall@5": 1.0,
            "groups": 387,
            "total_pos": 459,
            "unit_recall@1": 0.8148148148148148,
            "unit_recall@10": 1.0,
            "unit_recall@20": 1.0,
            "unit_recall@3": 0.9934640522875817,
            "unit_recall@5": 1.0
          },
          "question_ranking": {
            "MRR": 0.9822222222222223,
            "any_recall@1": 0.9653333333333334,
            "any_recall@10": 1.0,
            "any_recall@20": 1.0,
            "any_recall@3": 1.0,
            "any_recall@5": 1.0,
            "groups": 375,
            "total_pos": 459,
            "unit_recall@1": 0.7886710239651417,
            "unit_recall@10": 1.0,
            "unit_recall@20": 1.0,
            "unit_recall@3": 0.9891067538126361,
            "unit_recall@5": 1.0
          }
        },
        "text": {
          "classification": {
            "accuracy": 0.8606837606837607,
            "f1": 0.8592400690846287,
            "fn": 176,
            "fp": 150,
            "hard_negative_accuracy": 0.8716852010265184,
            "precision": 0.868995633187773,
            "recall": 0.8497011101622545,
            "specificity": 0.8716852010265184,
            "threshold": 0.0,
            "tn": 1019,
            "tp": 995
          },
          "obligation_ranking": {
            "MRR": 0.981103552532124,
            "any_recall@1": 0.9625850340136054,
            "any_recall@10": 1.0,
            "any_recall@20": 1.0,
            "any_recall@3": 1.0,
            "any_recall@5": 1.0,
            "groups": 882,
            "total_pos": 1171,
            "unit_recall@1": 0.7250213492741246,
            "unit_recall@10": 1.0,
            "unit_recall@20": 1.0,
            "unit_recall@3": 0.9914602903501281,
            "unit_recall@5": 1.0
          },
          "question_ranking": {
            "MRR": 0.9790954009882173,
            "any_recall@1": 0.9589509692132269,
            "any_recall@10": 1.0,
            "any_recall@20": 1.0,
            "any_recall@3": 1.0,
            "any_recall@5": 1.0,
            "groups": 877,
            "total_pos": 1171,
            "unit_recall@1": 0.7181895815542272,
            "unit_recall@10": 1.0,
            "unit_recall@20": 1.0,
            "unit_recall@3": 0.9914602903501281,
            "unit_recall@5": 1.0
          }
        }
      }
    }
  },