{
  "bear": {
    "accuracy": 0.373068106189455,
    "auroc": 0.3470471874748698,
    "brier": 0.29090569149570444,
    "count": 13523,
    "ece_equal_mass": 0.21440522069714402,
    "ece_equal_width": 0.24190914821852694,
    "f1": 0.45303225806451614,
    "fn": 3173,
    "fp": 5305,
    "positive_count": 6684,
    "precision": 0.39825317604355714,
    "recall": 0.5252842609216039,
    "specificity": 0.2243017985085539,
    "tn": 1534,
    "tp": 3511
  },
  "detect": {
    "accuracy": 0.6880610412926391,
    "auroc": 0.45065227961453513,
    "brier": 0.24604160642662262,
    "count": 6684,
    "ece_equal_mass": 0.37414869546291485,
    "ece_equal_width": 0.14460694863124363,
    "f1": 0.7693328908065051,
    "fn": 13,
    "fp": 2072,
    "positive_count": 3490,
    "precision": 0.6265993872769868,
    "recall": 0.9962750716332378,
    "specificity": 0.3512836568566061,
    "tn": 1122,
    "tp": 3477
  },
  "miss": {
    "accuracy": 0.8946979220587148,
    "auroc": 0.9624868137584672,
    "brier": 0.07500573516862152,
    "count": 13523,
    "ece_equal_mass": 0.05459032116887354,
    "ece_equal_width": 0.05749624201865369,
    "f1": 0.8135149292823469,
    "fn": 88,
    "fp": 1336,
    "positive_count": 3194,
    "precision": 0.6992345790184602,
    "recall": 0.9724483406386976,
    "specificity": 0.8706554361506438,
    "tn": 8993,
    "tp": 3106
  },
  "product_ablation": {
    "auroc": 0.0554689052041316,
    "brier": 0.2163378229089166,
    "ece_equal_mass": 0.3467121221311805
  }
}
