{
  "bear": {
    "accuracy": 0.7953116911927827,
    "auroc": 0.8884189089067357,
    "brier": 0.13630251813488387,
    "count": 13523,
    "ece_equal_mass": 0.04817211077176589,
    "ece_equal_width": 0.048596232306881024,
    "f1": 0.8004613610149943,
    "fn": 1132,
    "fp": 1636,
    "positive_count": 6684,
    "precision": 0.7723984418475236,
    "recall": 0.8306403351286654,
    "specificity": 0.7607837403129113,
    "tn": 5203,
    "tp": 5552
  },
  "detect": {
    "accuracy": 0.9998503889886295,
    "auroc": 0.9999186332539701,
    "brier": 0.00015068681232185396,
    "count": 6684,
    "ece_equal_mass": 0.0002438641562546044,
    "ece_equal_width": 9.146138399605144e-05,
    "f1": 0.9998567129961312,
    "fn": 1,
    "fp": 0,
    "positive_count": 3490,
    "precision": 1.0,
    "recall": 0.9997134670487106,
    "specificity": 1.0,
    "tn": 3194,
    "tp": 3489
  },
  "miss": {
    "accuracy": 0.8900391924868742,
    "auroc": 0.9585481733618916,
    "brier": 0.08018594822933882,
    "count": 13523,
    "ece_equal_mass": 0.06190162432408963,
    "ece_equal_width": 0.06268286783824581,
    "f1": 0.8075579138087227,
    "fn": 74,
    "fp": 1413,
    "positive_count": 3194,
    "precision": 0.6882859033752482,
    "recall": 0.9768315591734502,
    "specificity": 0.8632006970665118,
    "tn": 8916,
    "tp": 3120
  },
  "product_ablation": {
    "auroc": 0.9585030396025853,
    "brier": 0.07092759947623767,
    "ece_equal_mass": 0.031181594749185033
  }
}
